{"text": "\u54c8\u55bd", "segments": [{"id": 0, "seek": 0, "start": 0.0, "end": 0.72, "text": "\u54c8\u55bd", "tokens": [50364, 10595, 5234, 121, 50400], "temperature": 0.0, "avg_logprob": -0.9162544409434, "compression_ratio": 0.42857142857142855, "no_speech_prob": 0.08215027302503586}], "language": "zh"}